product,category,family,name
13101103,Panty,BRASILERA,131588-BRASILERA EN TULL Y DETALLE DE BODADO EN COSTADOS.
13101184,Panty,BRASILERA,131588-BRASILERA EN TULL Y DETALLE DE BODADO EN COSTADOS.
13102104,Panty,BRASILERA,"131594-BRASILERA EN TELA MICROMODAL, CON PUNTILLA EN CINTURA  PRENDA CON TECNOLOGIA DE PEGADO. TECNOLOGIA DE PEGADO.<br>"
13102160,Panty,BRASILERA,"131594-BRASILERA EN TELA MICROMODAL, CON PUNTILLA EN CINTURA  PRENDA CON TECNOLOGIA DE PEGADO. TECNOLOGIA DE PEGADO.<br>"
13102184,Panty,BRASILERA,"131594-BRASILERA EN TELA MICROMODAL, CON PUNTILLA EN CINTURA  PRENDA CON TECNOLOGIA DE PEGADO. TECNOLOGIA DE PEGADO.<br>"
13114904,Panty,BRASILERA,131615-BRAZILIAN EN TUL ELASTICO BORDADO
13117111,Panty,BRASILERA,"131619-BRASILERA EN ENCAJE NEGRO Y REFUERZO 100% ALGODON, SOY FEMENINA."
13118104,Panty,BRASILERA,"131624-BRASILERA EN TELA ELASTICA Y MARGARITAS EN COSTADOS, REFUERZO 100% ALGODON."
13118199,Panty,BRASILERA,"131624-BRASILERA EN TELA ELASTICA Y MARGARITAS EN COSTADOS, REFUERZO 100% ALGODON."
13118404,Panty,BRASILERA,"131625-BRASILERA EN TELA ELASTICA EN DELANTERO Y TUL BORDADO EN POSTERIOR, REFUERZO 100% ALGODON."
13120803,Panty,BRASILERA,131629-PANTY BRASILERA RESPIIRAR CRUDO.
13120894,Panty,BRASILERA,131629-PANTY BRASILERA RESPIIRAR CRUDO.
13120903,Panty,BRASILERA,131630-PANTY BRASILERA ESCUCHAR AZUL.
13120913,Panty,BRASILERA,131630-PANTY BRASILERA ESCUCHAR AZUL.
13121008,Panty,BRASILERA,131631-PANTY BRASILERA MIRAR ROSA.
13121103,Panty,BRASILERA,131633-PANTY BRASILERA DESPRENDERNOS CRUDO.
13121124,Panty,BRASILERA,131633-PANTY BRASILERA DESPRENDERNOS CRUDO.
13122304,Panty,BRASILERA,131635-BRASILERA SCARLET AMOR NEGRO.
13122404,Panty,BRASILERA,131637-BRASILERA LUZ NEGRA.
13122484,Panty,BRASILERA,131637-BRASILERA LUZ NEGRA.
13122703,Panty,BRASILERA,131636-BRASILERA ALTA ABUNDANCIA CRUDA.
13123103,Panty,BRASILERA,131638-BRASILERA BORDADA SOL PURA VITAMINA CRUDO.
13123198,Panty,BRASILERA,131638-BRASILERA BORDADA SOL PURA VITAMINA CRUDO.
13123903,Panty,BRASILERA,131639-BRASILERA ALMA ALEGRE CRUDO.
13123904,Panty,BRASILERA,131639-BRASILERA ALMA ALEGRE CRUDO.
13124003,Panty,BRASILERA,211507-BRASILERA ANCHA INVISIBLE ALMA LIMPIA CRUDO.
13124004,Panty,BRASILERA,211507-BRASILERA ANCHA INVISIBLE ALMA LIMPIA CRUDO.
13124070,Panty,BRASILERA,211507-BRASILERA ANCHA INVISIBLE ALMA LIMPIA CRUDO.
13124084,Panty,BRASILERA,211507-BRASILERA ANCHA INVISIBLE ALMA LIMPIA CRUDO.
13124403,Panty,BRASILERA,131640-BRASILERA ANCHA ELLIPSE SEXY  ALMA ESTRUCTURADA CRUDO.
13124404,Panty,BRASILERA,131640-BRASILERA ANCHA ELLIPSE SEXY  ALMA ESTRUCTURADA CRUDO.
13124504,Panty,BRASILERA,131641-BRASILERA SCARLET ELLIPSE SEXY ALMA ESTRUCTURADA NEGRO.
13124703,Panty,BRASILERA,131642-BRASILERA ANCHA ELLIPSE ULTRA COMODA EN ENCAJE ALMA BRILLANTE CRUDA.
13124704,Panty,BRASILERA,131642-BRASILERA ANCHA ELLIPSE ULTRA COMODA EN ENCAJE ALMA BRILLANTE CRUDA.
1398703,Panty,BRASILERA,"131578-BRASILERA EN ENCAJE FRANCES, ELASTICO EN MALLA, PRENDA FEMENINA Y ROMANTICA, SUGERIDO PARA TODO TIPO DE CUERPOS."
1398704,Panty,BRASILERA,"131578-BRASILERA EN ENCAJE FRANCES, ELASTICO EN MALLA, PRENDA FEMENINA Y ROMANTICA, SUGERIDO PARA TODO TIPO DE CUERPOS."
1398797,Panty,BRASILERA,"131578-BRASILERA EN ENCAJE FRANCES, ELASTICO EN MALLA, PRENDA FEMENINA Y ROMANTICA, SUGERIDO PARA TODO TIPO DE CUERPOS."
1398799,Panty,BRASILERA,"131578-BRASILERA EN ENCAJE FRANCES, ELASTICO EN MALLA, PRENDA FEMENINA Y ROMANTICA, SUGERIDO PARA TODO TIPO DE CUERPOS."
16119404,Panty,BRASILERA,161569-BRASILERA EN TUL PUNTOS NEGROS Y REFUERZO 100% ALGODON.
1690603,Panty,BRASILERA,161515-BRASILERA EN TULL CON APLIQUE BORDADO AZUL Y ELASTICOS AZULES CON UN TOQUE DE BRILLO SUGERIDO PARA TODO TIPO DE CUERPOS.
1690604,Panty,BRASILERA,161515-BRASILERA EN TULL CON APLIQUE BORDADO AZUL Y ELASTICOS AZULES CON UN TOQUE DE BRILLO SUGERIDO PARA TODO TIPO DE CUERPOS.
1690624,Panty,BRASILERA,161515-BRASILERA EN TULL CON APLIQUE BORDADO AZUL Y ELASTICOS AZULES CON UN TOQUE DE BRILLO SUGERIDO PARA TODO TIPO DE CUERPOS.
1690640,Panty,BRASILERA,161515-BRASILERA EN TULL CON APLIQUE BORDADO AZUL Y ELASTICOS AZULES CON UN TOQUE DE BRILLO SUGERIDO PARA TODO TIPO DE CUERPOS.
1690642,Panty,BRASILERA,161515-BRASILERA EN TULL CON APLIQUE BORDADO AZUL Y ELASTICOS AZULES CON UN TOQUE DE BRILLO SUGERIDO PARA TODO TIPO DE CUERPOS.
16109303,Panty,BRASILERA HILO,161543-STRING CON SATIN ELASTICO EN DELANTERO Y TUL ESPEJADO EN EL POSTERIOR CON ELASTICO ENTUNELADO EN CINTURA
16109304,Panty,BRASILERA HILO,161543-STRING CON SATIN ELASTICO EN DELANTERO Y TUL ESPEJADO EN EL POSTERIOR CON ELASTICO ENTUNELADO EN CINTURA
16109387,Panty,BRASILERA HILO,161543-STRING CON SATIN ELASTICO EN DELANTERO Y TUL ESPEJADO EN EL POSTERIOR CON ELASTICO ENTUNELADO EN CINTURA
16112302,Panty,BRASILERA HILO,"161552-PANTY TIPO STRING EN ENCAJE ELASTICO, CON ELASTICOS DECORATIVOS CON HILOS METALIZADOS, REFUERZO 100% ALGODON"
16112313,Panty,BRASILERA HILO,"161552-PANTY TIPO STRING EN ENCAJE ELASTICO, CON ELASTICOS DECORATIVOS CON HILOS METALIZADOS, REFUERZO 100% ALGODON"
16112318,Panty,BRASILERA HILO,"161552-PANTY TIPO STRING EN ENCAJE ELASTICO, CON ELASTICOS DECORATIVOS CON HILOS METALIZADOS, REFUERZO 100% ALGODON"
16112350,Panty,BRASILERA HILO,"161552-PANTY TIPO STRING EN ENCAJE ELASTICO, CON ELASTICOS DECORATIVOS CON HILOS METALIZADOS, REFUERZO 100% ALGODON"
16115404,Panty,BRASILERA HILO,161561-STRING  EN TULL ILUSION SIN ELASTICOS Y REFUERZO 100% ALGODON.
16115470,Panty,BRASILERA HILO,161561-STRING  EN TULL ILUSION SIN ELASTICOS Y REFUERZO 100% ALGODON.
16115487,Panty,BRASILERA HILO,161561-STRING  EN TULL ILUSION SIN ELASTICOS Y REFUERZO 100% ALGODON.
16115488,Panty,BRASILERA HILO,161561-STRING  EN TULL ILUSION SIN ELASTICOS Y REFUERZO 100% ALGODON.
16116998,Panty,BRASILERA HILO,161563-BRASILERA HILO EN ENCAJE Y REFUERZO 100% ALGODON. SOY EQUILIBRIO.
16117012,Panty,BRASILERA HILO,161564-BRASILERA HILO EN ENCAJE  Y REFUERZO 100% ALGODON. SOY EQUILIBRIO.
16117999,Panty,BRASILERA HILO,"161567-STRING EN TELA ELASTICA ESTAMPADA, Y REFUERZO 100% ALGODON."
16118103,Panty,BRASILERA HILO,"161568-STRING EN TELA ELASTICA EN DELANTERO Y TUL EN POSTERIOR CON ELASTICO EN CINTURA, REFUERZO 100% ALGODON."
16119103,Panty,BRASILERA HILO,161572-BRASILERA HILO EN ENCAJE Y REFUERZO 100% ALGODON.
16119704,Panty,BRASILERA HILO,161571-STRING EN ENCAJE NEGRO Y REFUERZO 100% ALGODON.
16119784,Panty,BRASILERA HILO,161571-STRING EN ENCAJE NEGRO Y REFUERZO 100% ALGODON.
16120204,Panty,BRASILERA HILO,"161573-STRING EN ENCAJE ELASTICO, REFUERZO 100% ALGODON."
16120803,Panty,BRASILERA HILO,161576-PANTY BRASILERA HILO RESPIRAR CRUDO.
16120894,Panty,BRASILERA HILO,161576-PANTY BRASILERA HILO RESPIRAR CRUDO.
16121104,Panty,BRASILERA HILO,161579-PANTY BRASILERA HILO MIRAR ROSA.
16121108,Panty,BRASILERA HILO,161579-PANTY BRASILERA HILO MIRAR ROSA.
16121203,Panty,BRASILERA HILO,161580-PANTY BRASILERA HILO DESPRENDERNOS CRUDO.
16121224,Panty,BRASILERA HILO,161580-PANTY BRASILERA HILO DESPRENDERNOS CRUDO.
16121304,Panty,BRASILERA HILO,161582-PANTY BRASILERA HILO CONTEMPLAR NEGRO.
16121404,Panty,BRASILERA HILO,161581-PANTY BRASILERA HILO EN ENCAJE CONTEMPLAR NEGRO.
16122404,Panty,BRASILERA HILO,161584-BRASILERA HILO LUZ PIEL.
16122484,Panty,BRASILERA HILO,161584-BRASILERA HILO LUZ PIEL.
16122703,Panty,BRASILERA HILO,161583-BRASILERA HILO ABUNDANCIA CRUDO.
16122778,Panty,BRASILERA HILO,161583-BRASILERA HILO ABUNDANCIA CRUDO.
16123403,Panty,BRASILERA HILO,161586-BRASILERA HILO ALIGERAR CRUDO.
16123404,Panty,BRASILERA HILO,161586-BRASILERA HILO ALIGERAR CRUDO.
16123903,Panty,BRASILERA HILO,161587-BRASILERA HILO ALMA ALEGRE CRUDO.
16123904,Panty,BRASILERA HILO,161587-BRASILERA HILO ALMA ALEGRE CRUDO.
16124403,Panty,BRASILERA HILO,161588-BRASILERA HILO  ELLIPSE SEXY ALMA ESTRUCTURADA CRUDO.
14112303,Panty,CULOTTE,"141587-PANTY TIPO CULOTTE EN ENCAJE ELASTICO  DE MORA PROFUNDA, REFUERZO 100% ALGODON"
14112304,Panty,CULOTTE,"141587-PANTY TIPO CULOTTE EN ENCAJE ELASTICO  DE MORA PROFUNDA, REFUERZO 100% ALGODON"
14112305,Panty,CULOTTE,"141587-PANTY TIPO CULOTTE EN ENCAJE ELASTICO  DE MORA PROFUNDA, REFUERZO 100% ALGODON"
14112318,Panty,CULOTTE,"141587-PANTY TIPO CULOTTE EN ENCAJE ELASTICO  DE MORA PROFUNDA, REFUERZO 100% ALGODON"
14112350,Panty,CULOTTE,"141587-PANTY TIPO CULOTTE EN ENCAJE ELASTICO  DE MORA PROFUNDA, REFUERZO 100% ALGODON"
14116603,Panty,CULOTTE,"141596-PANTY ZERO CON MORAS EN POSTERIOR, EN MICROFIBRA CLEAN CUT, SIN COSTURAS, NO SE MARCA NI APRIETA, SENSACION DE SEGUNDA PIEL, IDEAL PARA TODO TIPO DE CUERPOS"
14116604,Panty,CULOTTE,"141596-PANTY ZERO CON MORAS EN POSTERIOR, EN MICROFIBRA CLEAN CUT, SIN COSTURAS, NO SE MARCA NI APRIETA, SENSACION DE SEGUNDA PIEL, IDEAL PARA TODO TIPO DE CUERPOS"
14116684,Panty,CULOTTE,"141596-PANTY ZERO CON MORAS EN POSTERIOR, EN MICROFIBRA CLEAN CUT, SIN COSTURAS, NO SE MARCA NI APRIETA, SENSACION DE SEGUNDA PIEL, IDEAL PARA TODO TIPO DE CUERPOS"
14117623,Panty,CULOTTE,"141600-CUOTTE EN ENCAJE ELASTICO EN POSTERIOR, DELANTERO EN CATLEYA CON ENTRELAZADOS EN POSTERIOR, REFUERZO 100% ALGODON."
14118404,Panty,CULOTTE,"141601-CULOTTE EN TELA ELASTICA EN DELANTERO Y TUL BORDADO EN POSTERIOR, REFUERZO 100% ALGODON."
14120004,Panty,CULOTTE,"141606-CULOTTE EN TELA ESLASTICA SIN ELASTICOS EN PIERNA Y CINTURA, REFUERZO 100% ALGODON."
14120060,Panty,CULOTTE,"141606-CULOTTE EN TELA ESLASTICA SIN ELASTICOS EN PIERNA Y CINTURA, REFUERZO 100% ALGODON."
14120504,Panty,CULOTTE,141608-CULOTTE EN TELA ELASTICA BORDADA Y REFUERZO 100% ALGODON.
14120803,Panty,CULOTTE,141609-PANTY CULOTTE RESPIRAR CRUDO.
14120894,Panty,CULOTTE,141609-PANTY CULOTTE RESPIRAR CRUDO.
14120904,Panty,CULOTTE,141610-PANTY CULOTTE MIRAR ROSA
14120908,Panty,CULOTTE,141610-PANTY CULOTTE MIRAR ROSA
14121024,Panty,CULOTTE,141611-PANTY CULOTTE DESPRENDERNOS CRUDO.
14121104,Panty,CULOTTE,141612-PANTY CULOTTE CONTEMPLAR NEGRO.
14122703,Panty,CULOTTE,141614-CULOTTE ALTO ABUNDANCIA CRUDO.
14122778,Panty,CULOTTE,141614-CULOTTE ALTO ABUNDANCIA CRUDO.
14123198,Panty,CULOTTE,141615-CULOTTE BORDADO SOL PURA VITAMINA SURTIDO.
14123403,Panty,CULOTTE,141616-CULOTTE ALIGERAR CRUDO.
14123404,Panty,CULOTTE,141616-CULOTTE ALIGERAR CRUDO.
14123903,Panty,CULOTTE,141618-CULOTTE ENCAJE ALMA ALEGRE NEGRO.
14123904,Panty,CULOTTE,141618-CULOTTE ENCAJE ALMA ALEGRE NEGRO.
14124703,Panty,CULOTTE,141621-CULOTTE ELLIPSE EN ENCAJE ULTRA COMODO ALMA BRILLANTE CRUDO.
14124704,Panty,CULOTTE,141621-CULOTTE ELLIPSE EN ENCAJE ULTRA COMODO ALMA BRILLANTE CRUDO.
14125003,Panty,CULOTTE,141620-CULOTTE INVISIBLE ALMA LIMPIA MARFIL.
14125104,Panty,CULOTTE,141619-CULOTTE ALMA LIMPIA NEGRO.
1497603,Panty,CULOTTE,"141555-CULOTTE TIPO SHORT EN ENCAJE FRANCES, FAJON EN TULL Y AVERTURA EN POSTERIOR. IDEAL PARA TODO TIPO DE SILUETAS, PRENDA ROMANTICA Y FEMENINA."
1497604,Panty,CULOTTE,"141555-CULOTTE TIPO SHORT EN ENCAJE FRANCES, FAJON EN TULL Y AVERTURA EN POSTERIOR. IDEAL PARA TODO TIPO DE SILUETAS, PRENDA ROMANTICA Y FEMENINA."
1497697,Panty,CULOTTE,"141555-CULOTTE TIPO SHORT EN ENCAJE FRANCES, FAJON EN TULL Y AVERTURA EN POSTERIOR. IDEAL PARA TODO TIPO DE SILUETAS, PRENDA ROMANTICA Y FEMENINA."
1497699,Panty,CULOTTE,"141555-CULOTTE TIPO SHORT EN ENCAJE FRANCES, FAJON EN TULL Y AVERTURA EN POSTERIOR. IDEAL PARA TODO TIPO DE SILUETAS, PRENDA ROMANTICA Y FEMENINA."
14123703,Panty,PANTY ALTO,141617-PANTY ALTO INVISIBLE ALIGERAR CRUDO.
14123704,Panty,PANTY ALTO,141617-PANTY ALTO INVISIBLE ALIGERAR CRUDO.
14123770,Panty,PANTY ALTO,141617-PANTY ALTO INVISIBLE ALIGERAR CRUDO.
14123784,Panty,PANTY ALTO,141617-PANTY ALTO INVISIBLE ALIGERAR CRUDO.
